{
  "gpuUtil": 2,
  "vramUsedMb": 2872.0703125,
  "cpuUtil": 6.0,
  "rssMb": 1719.85546875,
  "warnings": []
}
